Workbook

Sheet 응답
A1: 응답ID | B1: 조 | C1: 만족도 | D1: 선호시간 | E1: 처리 | G1: 처리 열은 수식입니다: 위쪽에 네 칸이 모두 같은 행이 있으면 완전 중복, 만족도가 비면 누락, 1~5 정수가 아니면 범위 오류, 나머지는 유효.
A2: R01 | B2: A | C2: 5 | D2: 오후 | E2: =IF(C2="","누락",IF(OR(C2<1,C2>5,C2<>INT(C2)),"범위 오류","유효"))
A3: R02 | B3: B | C3: 4 | D3: 오전 | E3: =IF(COUNTIFS($A$2:A2,A3,$B$2:B2,B3,$C$2:C2,C3,$D$2:D2,D3)>0,"완전 중복",IF(C3="","누락",IF(OR(C3<1,C3>5,C3<>INT(C3)),"범위 오류","유효")))
A4: R03 | B4: C | C4: 4 | D4: 오후 | E4: =IF(COUNTIFS($A$2:A3,A4,$B$2:B3,B4,$C$2:C3,C4,$D$2:D3,D4)>0,"완전 중복",IF(C4="","누락",IF(OR(C4<1,C4>5,C4<>INT(C4)),"범위 오류","유효")))
A5: R04 | B5: A | C5: 3 | D5: 오전 | E5: =IF(COUNTIFS($A$2:A4,A5,$B$2:B4,B5,$C$2:C4,C5,$D$2:D4,D5)>0,"완전 중복",IF(C5="","누락",IF(OR(C5<1,C5>5,C5<>INT(C5)),"범위 오류","유효")))
A6: R05 | B6: B | C6: 5 | D6: 오후 | E6: =IF(COUNTIFS($A$2:A5,A6,$B$2:B5,B6,$C$2:C5,C6,$D$2:D5,D6)>0,"완전 중복",IF(C6="","누락",IF(OR(C6<1,C6>5,C6<>INT(C6)),"범위 오류","유효")))
A7: R06 | B7: C | C7: 2 | D7: 오전 | E7: =IF(COUNTIFS($A$2:A6,A7,$B$2:B6,B7,$C$2:C6,C7,$D$2:D6,D7)>0,"완전 중복",IF(C7="","누락",IF(OR(C7<1,C7>5,C7<>INT(C7)),"범위 오류","유효")))
A8: R07 | B8: A | C8: 4 | D8: 오후 | E8: =IF(COUNTIFS($A$2:A7,A8,$B$2:B7,B8,$C$2:C7,C8,$D$2:D7,D8)>0,"완전 중복",IF(C8="","누락",IF(OR(C8<1,C8>5,C8<>INT(C8)),"범위 오류","유효")))
A9: R08 | B9: B | C9: 5 | D9: 오전 | E9: =IF(COUNTIFS($A$2:A8,A9,$B$2:B8,B9,$C$2:C8,C9,$D$2:D8,D9)>0,"완전 중복",IF(C9="","누락",IF(OR(C9<1,C9>5,C9<>INT(C9)),"범위 오류","유효")))
A10: R09 | B10: C | C10: 3 | D10: 오후 | E10: =IF(COUNTIFS($A$2:A9,A10,$B$2:B9,B10,$C$2:C9,C10,$D$2:D9,D10)>0,"완전 중복",IF(C10="","누락",IF(OR(C10<1,C10>5,C10<>INT(C10)),"범위 오류","유효")))
A11: R10 | B11: A | C11: 4 | D11: 오전 | E11: =IF(COUNTIFS($A$2:A10,A11,$B$2:B10,B11,$C$2:C10,C11,$D$2:D10,D11)>0,"완전 중복",IF(C11="","누락",IF(OR(C11<1,C11>5,C11<>INT(C11)),"범위 오류","유효")))
A12: R11 | B12: B | C12: 5 | D12: 오후 | E12: =IF(COUNTIFS($A$2:A11,A12,$B$2:B11,B12,$C$2:C11,C12,$D$2:D11,D12)>0,"완전 중복",IF(C12="","누락",IF(OR(C12<1,C12>5,C12<>INT(C12)),"범위 오류","유효")))
A13: R12 | B13: C | C13: 4 | D13: 오전 | E13: =IF(COUNTIFS($A$2:A12,A13,$B$2:B12,B13,$C$2:C12,C13,$D$2:D12,D13)>0,"완전 중복",IF(C13="","누락",IF(OR(C13<1,C13>5,C13<>INT(C13)),"범위 오류","유효")))
A14: R13 | B14: A | C14: 2 | D14: 오후 | E14: =IF(COUNTIFS($A$2:A13,A14,$B$2:B13,B14,$C$2:C13,C14,$D$2:D13,D14)>0,"완전 중복",IF(C14="","누락",IF(OR(C14<1,C14>5,C14<>INT(C14)),"범위 오류","유효")))
... A21: R20 | B21: B | C21: 4 | D21: 오전 | E21: =IF(COUNTIFS($A$2:A20,A21,$B$2:B20,B21,$C$2:C20,C21,$D$2:D20,D21)>0,"완전 중복",IF(C21="","누락",IF(OR(C21<1,C21>5,C21<>INT(C21)),"범위 오류","유효")))
A22: R21 | B22: A | D22: 오전 | E22: =IF(COUNTIFS($A$2:A21,A22,$B$2:B21,B22,$C$2:C21,C22,$D$2:D21,D22)>0,"완전 중복",IF(C22="","누락",IF(OR(C22<1,C22>5,C22<>INT(C22)),"범위 오류","유효")))
A23: R22 | B23: B | C23: 6 | D23: 오후 | E23: =IF(COUNTIFS($A$2:A22,A23,$B$2:B22,B23,$C$2:C22,C23,$D$2:D22,D23)>0,"완전 중복",IF(C23="","누락",IF(OR(C23<1,C23>5,C23<>INT(C23)),"범위 오류","유효")))
A24: R23 | B24: C | C24: 5 | D24: 오전 | E24: =IF(COUNTIFS($A$2:A23,A24,$B$2:B23,B24,$C$2:C23,C24,$D$2:D23,D24)>0,"완전 중복",IF(C24="","누락",IF(OR(C24<1,C24>5,C24<>INT(C24)),"범위 오류","유효")))
A25: R05 | B25: B | C25: 5 | D25: 오후 | E25: =IF(COUNTIFS($A$2:A24,A25,$B$2:B24,B25,$C$2:C24,C25,$D$2:D24,D25)>0,"완전 중복",IF(C25="","누락",IF(OR(C25<1,C25>5,C25<>INT(C25)),"범위 오류","유효")))

Sheet 집계
A1: 설문 집계 (교육용 가상 자료 · 07B 05단계 기준본)
A2: 모든 값은 응답 시트를 참조하는 수식입니다. 평균·분포·비율의 분모는 유효 만족도 응답(B9)입니다.
A3: 항목 | B3: 값 | C3: 설명
A4: 전체 행 | B4: =COUNTA(응답!A2:A25) | C4: 머리글 제외
A5: 완전 중복 행 | B5: =COUNTIF(응답!E2:E25,"완전 중복") | C5: R05가 그대로 한 번 더
A6: 중복 제거 후 | B6: =B4-B5 | C6: 서로 다른 응답
A7: 누락 | B7: =COUNTIF(응답!E2:E25,"누락") | C7: R21 만족도 빈칸
A8: 범위 오류 | B8: =COUNTIF(응답!E2:E25,"범위 오류") | C8: R22 만족도 6
A9: 유효 만족도 응답(분모) | B9: =COUNTIF(응답!E2:E25,"유효") | C9: 평균·분포·비율의 분모
A10: 만족도 합 | B10: =SUMIF(응답!E2:E25,"유효",응답!C2:C25)
A11: 평균 | B11: =ROUND(B10/B9,2) | C11: 소수 둘째 자리 · 분모 B9
A12: 4~5점 건수 | B12: =COUNTIFS(응답!E2:E25,"유효",응답!C2:C25,">=4")
A13: 4~5점 비율(%) | B13: =ROUND(B12/B9*100,1) | C13: 소수 첫째 자리 · 분모 B9
A15: 처리 현황(전체 24 → 제외 3 → 유효 21)과 유효 응답만의 분포는 다른 표입니다. 분모를 바꾸면(23·24) 비율이 달라집니다 — 04단계.
A16: 데이터 고지 — 교육용 가상 설문 24행이며 전체 참여자를 대표하지 않습니다.

Sheet 분포
A1: 만족도 분포 (유효 응답 기준)
A2: 건수는 응답 시트에서 유효 행만 센 수식, 비율은 건수 ÷ 집계!B9. 비율 합은 반올림 때문에 100.0이 아닐 수 있습니다.
A3: 점수 | B3: 건수 | C3: 비율(%)
A4: 1점 | B4: =COUNTIFS(응답!E2:E25,"유효",응답!C2:C25,1) | C4: =ROUND(B4/집계!B9*100,1)
A5: 2점 | B5: =COUNTIFS(응답!E2:E25,"유효",응답!C2:C25,2) | C5: =ROUND(B5/집계!B9*100,1)
A6: 3점 | B6: =COUNTIFS(응답!E2:E25,"유효",응답!C2:C25,3) | C6: =ROUND(B6/집계!B9*100,1)
A7: 4점 | B7: =COUNTIFS(응답!E2:E25,"유효",응답!C2:C25,4) | C7: =ROUND(B7/집계!B9*100,1)
A8: 5점 | B8: =COUNTIFS(응답!E2:E25,"유효",응답!C2:C25,5) | C8: =ROUND(B8/집계!B9*100,1)
A9: 합계 | B9: =SUM(B4:B8) | C9: =SUM(C4:C8)
A11: 차트 원본 범위: 분포!A4:A8(점수) · 분포!B4:B8(건수). 제목에 분모(유효 응답 21건)를 적습니다.
